<Projector1>
	<ARMED>1</ARMED>
	<Intensity>0.0818182</Intensity>
	<Test_Pattern>0</Test_Pattern>
	<Projector_settings>
		<Points_per_second>29800</Points_per_second>
		<Colour_change_offset>-1.3692</Colour_change_offset>
		<Laser_on_while_moving>0</Laser_on_while_moving>
		<Move_Speed>4.70269</Move_Speed>
		<Blank_points_before>1</Blank_points_before>
		<On_points_before>1</On_points_before>
		<On_points_after>1</On_points_after>
		<Blank_points_after>1</Blank_points_after>
		<Flip_X>0</Flip_X>
		<Flip_Y>0</Flip_Y>
		<output_offset>0, 0</output_offset>
	<Output_position_offset>-0.3, 0</Output_position_offset>
	</Projector_settings>
	<Render_profiles>
		<Default>
			<speed>20.6189</speed>
			<acceleration>1.20514</acceleration>
			<corner_threshold>40.2855</corner_threshold>
			<dot_max_points>14</dot_max_points>
		</Default>
		<Fast>
			<speed>15.8197</speed>
			<acceleration>2.75364</acceleration>
			<corner_threshold>90</corner_threshold>
			<dot_max_points>2</dot_max_points>
		</Fast>
		<High_quality>
			<speed>2</speed>
			<acceleration>1.09184</acceleration>
			<corner_threshold>90</corner_threshold>
			<dot_max_points>2</dot_max_points>
		</High_quality>
	</Render_profiles>
	<Colour_calibration>
		<red_100>1</red_100>
		<red_75>0.75</red_75>
		<red_50>0.595918</red_50>
		<red_25>0.387755</red_25>
		<red_0>0.110204</red_0>
		<green_100>1</green_100>
		<green_75>0.75</green_75>
		<green_50>0.5</green_50>
		<green_25>0.25</green_25>
		<green_0>0</green_0>
		<blue_100>1</blue_100>
		<blue_75>0.75</blue_75>
		<blue_50>0.5</blue_50>
		<blue_25>0.25</blue_25>
		<blue_0>0</blue_0>
	</Colour_calibration>
	<Mute_Zones>
		<Zone1>0</Zone1>
	</Mute_Zones>
	<Solo_Zones>
		<Zone1>0</Zone1>
	</Solo_Zones>
	<Zone1>
		<Bottom_Edge>0</Bottom_Edge>
		<Top_Edge>0</Top_Edge>
		<Left_Edge>0</Left_Edge>
		<Right_Edge>0</Right_Edge>
	</Zone1>
<Projector1/>
</Projector1>
